INSERT INTO Landmark(ID,TITLE, LATITUDE, LONGITUDE,DESCRIPTION) VALUES (1,'Obelisco a los Constituyentes de 1830',-34.897296, -56.164399,'Obelisco de granito construido en 1930 para conmemorar el centésimo aniversario de la constitución de Uruguay.');
INSERT INTO Landmark(ID,TITLE, LATITUDE, LONGITUDE,DESCRIPTION) VALUES (2,'Monumento a la Carreta',-34.892576, -56.155252,'El monumento La Carreta recuerda el clásico medio de transporte y carga, utilizado por los hombres de campo de nuestro país, antes de la introducción del ferrocarril y los automotores. Es una de las obras más admiradas en su género, habiendo alcanzado fama internacional. José Belloni, hijo de inmigrantes europeos (1882-1965) se radicó junto a su familia en Suiza en 1890, donde realizó sus estudios e inició su carrera artística. Años más tarde, radicado nuevamente en Uruguay, se desempeñó como docente en la Facultad de Arquitectura, manteniéndose paralelamente al frente de su taller con una increíble producción artística. Sus obras, ubicadas en lugares públicos preferenciales, forman parte de la idiosincrasia montevideana : Ansina, José Enrique Rodó, La Diligencia, Juan Manuel de Blanes, Dr. Luis Morquio, El Aguatero, El Entrevero, o las figuras decorativas y bajo relieves en el Palacio Legislativo, entre otros. Los monumentos de Belloni son parte esencial de la cultura uruguaya.');
INSERT INTO Landmark(ID,TITLE, LATITUDE, LONGITUDE,DESCRIPTION) VALUES (3,'Monumento al Presidente General Fructuoso Rivera',-34.893723, -56.165622,'José Fructuoso Rivera y Toscana (Durazno, gobernación de Montevideo, 27 de octubre de 1784 - Melo, Uruguay, 13 de enero de 1854) era un militar y político de Uruguay que fuera el primer presidente constitucional, luego de diversas participaciones en las luchas independentistas. Fue el fundador del Partido Colorado.');
INSERT INTO Landmark(ID,TITLE, LATITUDE, LONGITUDE,DESCRIPTION) VALUES (4,'Monumento al Gaucho',-34.905459, -56.184952,'Monumento al Gaucho, figura y personaje típico de la banda Oriental. Autor: Juan Zorrilla de San Martín. Un monumento que muestra no solo la habilidad de un artista excepcional, sino que refleja la vida cotidiana de este personaje. Contrasta sin duda que este monumento esté ubicados en el corazón del Cordón casi centro, en la avenida más representativa del país, donde seguramente muy pocos gauchos hayan estado presentes.');
INSERT INTO Landmark(ID,TITLE, LATITUDE, LONGITUDE,DESCRIPTION) VALUES (5,'Monumento A Los Campeones Del Mundo',-34.892370, -56.154071,'Es como monumento emblemático , donde simbólicamente se unen a todos los Campeones de Fútbol, y a su alrededor en la parte inferior del Monumento, se citan los países y las fechas de sus campeonatos y te sorprenden los países, los años, todas formando un círculo, Es muy gratificante. El reconocimiento al escultor, por tan hermoso monumento y como supo plasmar la idea, en su arte.Recordemos que está muy cerca del Estadio Centenario que es un Monumento Historico Mundial.Grandes honores al fútbol.');
INSERT INTO Landmark(ID,TITLE, LATITUDE, LONGITUDE,DESCRIPTION) VALUES (6,'Columna de la Paz',-34.885015,-56.159562,'El 19 de abril de 1863 el general Venancio Flores encabezó una revolución que dio inicio a una guerra civil. Como consecuencia, el entonces presidente provisional, Atanasio Cruz Aguirre, cambió la denominación de la plaza, pasando a llamarla "25 de Mayo", según decreto del 24 de mayo de 1864. El conflicto finalizó el 20 de febrero de 1865 con la llamada "Paz de la Unión". En diciembre de ese mismo año se le restituyó el nombre original de "Plaza de Cagancha". Entre 1890 y 1930, el sistema de alumbrado público y la nueva urbanización, rodeada de un paisaje donde predominaba el verde, habían transformado a la plaza en un referente céntrico para los transeúntes montevideanos. Por esta época se le agregaron canteros y escalinatas que enaltecieron paseo. Por esa fecha, el Jefe Político de Montevideo, Manuel Aguiar, encomendó diseños a algunos escultores para erigir una estatua celebratoria de la finalización del conflicto. El proyecto seleccionado fue el de del escultor José Livi, italiano de larga y reconocida actuación en el medio, que representó una alegoría a través de una figura femenina sobre un pedestal de cuatro cabezas de leones empuñando en su mano derecha una espada y en la izquierda una bandera. Fundida en el bronce de los cañones de esta última contienda civil, la escultura fue colocada en el centro de la Plaza de Cagancha, en la cima de una columna de mármol. Fue inaugurada el 20 de febrero de 1867 y se le dio el nombre oficial de Estatua de la Paz. Fue el primer monumento público de Montevideo. En 1887, la estatua fue bajada del pedestal con el fin de reparar los daños causados por un rayo. En aquel momento, la espada fue sustituida por unas cadenas rotas, quitándole ambigüedad al primer símbolo de pacto republicano entre los partidos.');
INSERT INTO Landmark(ID,TITLE, LATITUDE, LONGITUDE,DESCRIPTION) VALUES (7,'Fuente Roma a la Ciudad de Montevideo',-34.894246, -56.164678,'Este monumento es un homenaje de la ciudad de Roma a Montevideo y fue inaugurado el 23 de diciembre de 1938. Representa la leyenda según la cual los fundadores de la ciudad de Roma, Rómulo y Remo, fueron amamantados por una loba que los recogió de las aguas del río Tíber, donde habían sido arrojados al nacer. Se trata de una réplica de la obra ubicada en el Museo Capitolino de Roma. La Loba es una obra en bronce de origen etrusco, del VI aC Las figuras de Rómulo y Remo se añadieron en el siglo XV Dc y fueron realizadas por Antonio de Jacobo Benci, conocido como Pollaiuolo, 1426 -1496). El conjunto, realizado en bronce, está emplazado sobre basamento de granito gris arenado, que lleva en bronce la leyenda “Roma eterna a la ciudad de Montevideo. MCMXXXIX”');
INSERT INTO Landmark(ID,TITLE, LATITUDE, LONGITUDE,DESCRIPTION) VALUES (8,'Museo Del Fútbol',-34.894184, -56.151366,'La historia de las selección charrua plasmada en innumerables recuerdos fotográficos y trofeos. Atendido por personas sumamente amables y dispuestas. Un estadio con mucha historia para recorrer. El mirador es un imperdible, desde ahí se observa toda la ciudad');
INSERT INTO Landmark(ID,TITLE, LATITUDE, LONGITUDE,DESCRIPTION) VALUES (9,'El Discóbolo',-34.891562, -56.155465,'Discóbolo es la denominación convencional una famosa escultura griega realizada por Mirón de Eléuteras en torno al 450 a. C. Representa a un atleta en un instante anterior al lanzamiento del disco. Se encuentra en el museo de las Termas de Roma. Mirón representa el cuerpo en el momento de su máxima tensión y esplendor; ese esfuerzo no se refleja sin embargo en el rostro de la estatua, que muestra solo una tenue concentración. La torsión del cuerpo es vigorosa, pero al mismo tiempo armoniosa y delicada. Todo el cuerpo está echado hacia delante, para producir con el balanceo posterior el impulso necesario para poder lanzar el disco.');
INSERT INTO Landmark(ID,TITLE, LATITUDE, LONGITUDE,DESCRIPTION) VALUES (10,'Monumento Al Maestro',-34.893284, -56.158562,'Homenaje al maestro. Obra ejecutada por el escultor nacional Bernabé Michelena, en gra· nito. Emplazado en el Parque Batlle y Ordóñez e inaugurado el 18 de Mayo de 1945.');
INSERT INTO Landmark(ID,TITLE, LATITUDE, LONGITUDE,DESCRIPTION) VALUES (11,'Monumento Victima De La Guerra Civil',-34.892741, -56.157160,'Cruda y dolorosa escultura que refleja el drama de la guerra.');
/*INSERT INTO Landmark(ID,TITLE, LATITUDE, LONGITUDE,DESCRIPTION) VALUES (12,'Monumento a Luis Batlle Berres',-34.869586, -56.167715,'El monumento a Luis Batlle Berres fue erigido en memoria del ex presidente uruguayo, que además se desempeñara como consejero de gobierno bajo el régimen de colegiado. Se encuentra ubicado en el cruce de las avenidas: Bulevar General Artigas, Luis Alberto de Herrera y José Pedro Varela. El mismo es obra del arquitecto Román Fresnedo Siri, y fue inaugurado el 15 de julio de 1967. Es una parábola de hormigón armado revestido de fulget, que se eleva verticalmente con una altura de 33m. El fulget es un revestimiento decorativo de alta calidad en base a granulado de mármol, lapislázuli y otros elementos, con un ligante acorde al color requerido. En la base cuenta con otra parábola horizontal, la que conduce los surtidores de la fuente. Estas dos parábolas son simbólicas y contrastantes, una es de hormigón armado, sólida y consistente, la otra es de agua, liviana y cambiante. La parábola acostada se ubica como si fuese la proyección de la de hormigón. Rodeando el monumento podemos apreciar dos muros bajos y una pantalla corta que inicialmente lucía una leyenda a en bronce, la cual fue vandalizada y despojada de su texto. Todos estos elementos conforman un sistema concéntrico expansivo. Conocido popularmente como “los Cuernos de Batlle” debido a la forma parabólica, es una obra de carácter abstracto, uno de los pocos monumentos de la ciudad en este estilo. Según su propio autor, el monumento expresa la aspiración de Batlle por el mejoramiento de las condiciones materiales y espirituales del pueblo. Simboliza los brazos alzados.');
INSERT INTO Landmark(ID,TITLE, LATITUDE, LONGITUDE,DESCRIPTION) VALUES (13,'Monumento al General Manuel Oribe',-34.901333, -56.175324,'Manuel Ceferino Oribe y Viana (Montevideo, 26 de agosto de 1792 - 12 de noviembre de 1857) fue un militar y político uruguayo, presidente constitucional de Uruguay entre 1835 y 1838 y fundador del Partido Nacional.');
INSERT INTO Landmark(ID,TITLE, LATITUDE, LONGITUDE,DESCRIPTION) VALUES (14,'Monumento al Bombero',-34.902770, -56.180880,'Monumento en homenaje a esos esforzados hombres y mujeres que hacen tan digna tarea ya sea en incendios, derrumbes, accidentes etc.');
INSERT INTO Landmark(ID,TITLE, LATITUDE, LONGITUDE,DESCRIPTION) VALUES (15,'Monumento al Viejo Vizcacha',-34.906474, -56.162122,'El Viejo Vizcacha. Escultura en bronce de José Luis Zorrilla de San Martín (1891-1975). Ubicación: Plaza Varela, (Bulevar Artigas y Avenida Brasil). Inauguración: 1930. Declarada Monumento Histórico Nacional desde 1976.');
INSERT INTO Landmark(ID,TITLE, LATITUDE, LONGITUDE,DESCRIPTION) VALUES (16,'Monumento al General Jose de San Martín',-34.875573, -56.199830,'El monumento al Libertador Gral. José de San Martín es obra del escultor uruguayo don Edmundo Prati. Se había acordado con el gobierno argentino que el monumento al Libertador sería hecho por un escultor compatriota, y el monumento al Gral. José Artigas ubicado en Buenos Aires sería realizado por un escultor argentino. Finalmente dicha obra fue realizada por el escultor uruguayo José Luís Zorrilla de San Martín La obra fue adjudicada luego de un concurso a dos grados, esto es que al primer llamado se presentan los artistas que así lo deseen y, luego de una selección, se presentan los que el jurado de primera instancia así lo entienda. El primer llamado fue realizado en 1946 y la obra fue finalmente inaugurada en febrero de 1963! Diversos problemas burocráticos y políticos fueron postergando su inauguración. Los vaivenes de las relaciones bilaterales no son nuevos. En 1956 estaba terminada la obra.');
INSERT INTO Landmark(ID,TITLE, LATITUDE, LONGITUDE,DESCRIPTION) VALUES (17,'Monumento a Luis Alberto de Herrera',-34.867116, -56.171516,'Luis Alberto de Herrera y Quevedo (Montevideo, 22 de julio de 1873 - 8 de abril de 1959) fue un político, periodista e historiador uruguayo, principal caudillo del Partido Nacional durante más de 50 años. Fue una de las principales figuras políticas de Uruguay en el siglo XX.');
INSERT INTO Landmark(ID,TITLE, LATITUDE, LONGITUDE,DESCRIPTION) VALUES (18,'Monumento a José Enrique Rodó',-34.914349, -56.167666,'Es un rincón espacioso del antiguo parque, donde la frondosa arboleda luce la floración de las acacias y se irguen los tallos de empenachadas palmeras. La brisa leve llega de la playa vecina, en cuya orilla juegan su incesante vaivén las aguas del gran rio. Muy cerca, el lago recoge en cada margen las imágenes del castillo y del Pabellón de la Música. En esta mañana de sol, deslizanse los cisnes arrogantes, abren sus abanicos los pavos reales refugiados en las islillas y las palomas bullangueras disputan los granos con que las atraen los niños entre sus manitas. En la distancia, hay colorido de azulejos del patio español y música y giros de calesas. Sobre extendida alfombra de gramilla, cruzada por senderos recién formados, de los que emana esencia de alquitrán aun no solidificado, va apoyándose el Monumento a Rodó , creado por José Belloni.');
INSERT INTO Landmark(ID,TITLE, LATITUDE, LONGITUDE,DESCRIPTION) VALUES (19,'Monumento a la Diligencia',-34.861916, -56.211255,'Un gran monumento, obra del escultor uruguayo José Belloni y se inauguró en 1952.Ubicado en un hermoso lugar de la ciudad. Lugar de esparcimiento de descanso o ideal para deporte caminar o correr.');
INSERT INTO Landmark(ID,TITLE, LATITUDE, LONGITUDE,DESCRIPTION) VALUES (20,'Monumento a los últimos charruas',-34.859708, -56.208526,'Está ubicado en el Prado - Montevideo, es un monumento realizado en bronce. Los charrúas fueron exterminados por orden de Rivera. El monumento representa los 4 últimos charrúas sobrevivientes rodeando un fogón, Vaimaca Pirú de pie, Senaque sentado con un mate en la mano, Guyunusa tiene un niño en la falda, delante de ella está Tacuabé. Los autores de este monumento fueron los uruguayos Edmundo Prati, Gervasio Furest Muñoz y Enrique Lussich.');
*/

INSERT INTO LandmarkImages(LANDMARK_ID,ID,EXTENSION) VALUES(1,1,'jpg');
INSERT INTO LandmarkImages(LANDMARK_ID,ID,EXTENSION) VALUES(1,2,'jpg');
INSERT INTO LandmarkImages(LANDMARK_ID,ID,EXTENSION) VALUES(1,3,'jpg');
INSERT INTO LandmarkImages(LANDMARK_ID,ID,EXTENSION) VALUES(2,1,'jpg');
INSERT INTO LandmarkImages(LANDMARK_ID,ID,EXTENSION) VALUES(3,1,'jpg');
INSERT INTO LandmarkImages(LANDMARK_ID,ID,EXTENSION) VALUES(4,1,'jpg');
INSERT INTO LandmarkImages(LANDMARK_ID,ID,EXTENSION) VALUES(4,2,'jpg');
INSERT INTO LandmarkImages(LANDMARK_ID,ID,EXTENSION) VALUES(4,3,'jpg');
INSERT INTO LandmarkImages(LANDMARK_ID,ID,EXTENSION) VALUES(5,1,'jpg');
INSERT INTO LandmarkImages(LANDMARK_ID,ID,EXTENSION) VALUES(6,1,'jpg');
INSERT INTO LandmarkImages(LANDMARK_ID,ID,EXTENSION) VALUES(7,1,'jpg');
INSERT INTO LandmarkImages(LANDMARK_ID,ID,EXTENSION) VALUES(8,1,'jpg');
INSERT INTO LandmarkImages(LANDMARK_ID,ID,EXTENSION) VALUES(9,1,'jpg');
INSERT INTO LandmarkImages(LANDMARK_ID,ID,EXTENSION) VALUES(10,1,'jpg');
INSERT INTO LandmarkImages(LANDMARK_ID,ID,EXTENSION) VALUES(11,1,'jpg');
/*INSERT INTO LandmarkImages(LANDMARK_ID,ID,EXTENSION) VALUES(12,1,'jpg');
INSERT INTO LandmarkImages(LANDMARK_ID,ID,EXTENSION) VALUES(13,1,'jpg');
INSERT INTO LandmarkImages(LANDMARK_ID,ID,EXTENSION) VALUES(14,1,'jpg');
INSERT INTO LandmarkImages(LANDMARK_ID,ID,EXTENSION) VALUES(15,1,'jpg');
INSERT INTO LandmarkImages(LANDMARK_ID,ID,EXTENSION) VALUES(16,1,'jpg');
INSERT INTO LandmarkImages(LANDMARK_ID,ID,EXTENSION) VALUES(17,1,'jpg');
INSERT INTO LandmarkImages(LANDMARK_ID,ID,EXTENSION) VALUES(18,1,'jpg');
INSERT INTO LandmarkImages(LANDMARK_ID,ID,EXTENSION) VALUES(19,1,'jpg');
INSERT INTO LandmarkImages(LANDMARK_ID,ID,EXTENSION) VALUES(20,1,'jpg');
INSERT INTO LandmarkImages(LANDMARK_ID,ID,EXTENSION) VALUES(20,2,'jpg');
*/


INSERT INTO LandmarkAudios(LANDMARK_ID,ID) VALUES(1,1);


INSERT INTO Tour(ID,TITLE,DESCRIPTION,CATEGORY,IMAGE_EXTENSION) VALUES(1, 'Monumentos de Parque Batlle','recorrido por algunos de los monumentos mas importantes del parque','CULTURAL','jpg');
INSERT INTO Tour(ID,TITLE,DESCRIPTION,CATEGORY,IMAGE_EXTENSION) VALUES(2, 'Historia del futbol uruguayo','visita a monumentos de la historia de la seleccion uruguaya de futbol','ENTERTAINMENT','jpg');


INSERT INTO LandmarkTour(TOUR_ID, LANDMARK_ID, STOP_NUMBER) VALUES (1,10,1);
INSERT INTO LandmarkTour(TOUR_ID, LANDMARK_ID, STOP_NUMBER) VALUES (1,11,2);
INSERT INTO LandmarkTour(TOUR_ID, LANDMARK_ID, STOP_NUMBER) VALUES (1,3,3);
INSERT INTO LandmarkTour(TOUR_ID, LANDMARK_ID, STOP_NUMBER) VALUES (1,5,4);
INSERT INTO LandmarkTour(TOUR_ID, LANDMARK_ID, STOP_NUMBER) VALUES (1,9,5);


INSERT INTO LandmarkTour(TOUR_ID, LANDMARK_ID, STOP_NUMBER) VALUES (2,8,1);
INSERT INTO LandmarkTour(TOUR_ID, LANDMARK_ID, STOP_NUMBER) VALUES (2,5,2);